epoch,time,train/box_loss,train/cls_loss,train/dfl_loss,metrics/precision(B),metrics/recall(B),metrics/mAP50(B),metrics/mAP50-95(B),val/box_loss,val/cls_loss,val/dfl_loss,lr/pg0,lr/pg1,lr/pg2
1,3.35533,3.25887,4.14061,2.28337,0.0025,0.75,0.00242,0.0008,3.2994,5.17242,2.23266,0.09901,1e-05,1e-05
2,6.72316,2.69083,3.6292,2.33381,0,0,0,0,3.6102,5.14774,2.66484,0.0970294,2.9406e-05,2.9406e-05
3,9.75866,3.01091,3.89189,2.59831,0,0,0,0,3.6102,5.14774,2.66484,0.095048,4.802e-05,4.802e-05
4,13.371,2.32949,3.95818,1.86365,0.00083,0.25,0.01916,0.00383,4.01383,5.1481,3.34869,0.0930658,6.5842e-05,6.5842e-05
5,17.4005,2.04187,3.77043,1.84154,0.00083,0.25,0.01916,0.00383,4.01383,5.1481,3.34869,0.0910829,8.2872e-05,8.2872e-05
6,21.4168,1.81886,3.73042,1.63721,0,0,0,0,4.1568,5.1891,3.18978,0.0890991,9.911e-05,9.911e-05
7,25.4009,2.05947,3.64839,1.83876,0,0,0,0,4.1568,5.1891,3.18978,0.0871146,0.000114556,0.000114556
8,28.7316,2.24889,3.63379,1.98231,0,0,0,0,4.1568,5.1891,3.18978,0.0851292,0.00012921,0.00012921
9,31.2481,2.08334,3.63208,1.67641,0.00083,0.25,0.00077,8e-05,3.45993,4.90025,2.81061,0.0831431,0.000143072,0.000143072
10,34.1479,1.93394,3.48219,1.52041,0.00083,0.25,0.00077,8e-05,3.45993,4.90025,2.81061,0.0811561,0.000156142,0.000156142
11,36.6944,1.96347,3.33155,1.57724,0.00083,0.25,0.00077,8e-05,3.45993,4.90025,2.81061,0.0791684,0.00016842,0.00016842
12,39.4816,2.25864,3.34739,1.97395,0.00083,0.25,0.00077,8e-05,3.45993,4.90025,2.81061,0.0771799,0.000179906,0.000179906
13,42.1507,2.06327,3.51974,1.94342,0.00167,0.5,0.00181,0.00025,2.51858,4.29998,2.2123,0.0751906,0.0001906,0.0001906
14,45.323,2.00997,4.44142,2.10164,0.00167,0.5,0.00181,0.00025,2.51858,4.29998,2.2123,0.0732005,0.000200502,0.000200502
15,47.9312,1.30266,3.59007,1.54718,0.00167,0.5,0.00181,0.00025,2.51858,4.29998,2.2123,0.0712096,0.000209612,0.000209612
16,51.2644,1.74269,3.55983,1.53314,0.00167,0.5,0.00181,0.00025,2.51858,4.29998,2.2123,0.0692179,0.00021793,0.00021793
17,55.6266,1.91183,3.38033,1.83558,0.00167,0.5,0.00181,0.00025,2.51858,4.29998,2.2123,0.0672255,0.000225456,0.000225456
18,58.9859,2.30235,3.41499,1.91159,0.00167,0.5,0.00181,0.00025,2.51858,4.29998,2.2123,0.0652322,0.00023219,0.00023219
19,61.9526,1.42014,3.14152,1.36305,0.0025,0.75,0.0395,0.00492,1.67632,4.07339,1.58466,0.0632381,0.000238132,0.000238132
20,65.2031,1.49193,3.24578,1.49606,0.0025,0.75,0.0395,0.00492,1.67632,4.07339,1.58466,0.0612433,0.000243282,0.000243282
21,69.5775,0.88893,4.34761,0.80671,0.0025,0.75,0.0395,0.00492,1.67632,4.07339,1.58466,0.0592476,0.00024764,0.00024764
22,72.0416,1.62542,3.07182,1.54962,0.0025,0.75,0.0395,0.00492,1.67632,4.07339,1.58466,0.0572512,0.000251206,0.000251206
23,75.2894,1.10441,2.90862,1.32094,0.0025,0.75,0.0395,0.00492,1.67632,4.07339,1.58466,0.055254,0.00025398,0.00025398
24,78.7297,2.19629,3.55441,1.96503,0.0025,0.75,0.0395,0.00492,1.67632,4.07339,1.58466,0.053256,0.000255962,0.000255962
25,82.0918,2.21476,3.336,2.16609,0.0025,0.75,0.0395,0.00492,1.67632,4.07339,1.58466,0.0512572,0.000257152,0.000257152
26,86.2297,2.50794,3.74769,2.02816,0.0025,0.75,0.0395,0.00492,1.67632,4.07339,1.58466,0.0492576,0.00025755,0.00025755
27,90.5774,1.50424,2.97408,1.40732,0.00333,1,0.41353,0.21993,1.57849,3.54185,1.44562,0.0472572,0.000257156,0.000257156
28,94.552,1.28961,3.37799,1.32953,0.00333,1,0.41353,0.21993,1.57849,3.54185,1.44562,0.045256,0.00025597,0.00025597
29,99.1031,1.43737,2.92855,1.54825,0.00333,1,0.41353,0.21993,1.57849,3.54185,1.44562,0.043254,0.000253992,0.000253992
30,103.778,1.39372,3.02014,1.27678,0.00333,1,0.41353,0.21993,1.57849,3.54185,1.44562,0.0412512,0.000251222,0.000251222
31,107.961,1.71639,3.20291,1.64752,0.00333,1,0.41353,0.21993,1.57849,3.54185,1.44562,0.0392477,0.00024766,0.00024766
32,111.668,1.2769,2.88543,1.34539,0.00333,1,0.41353,0.21993,1.57849,3.54185,1.44562,0.0372433,0.000243306,0.000243306
33,116.646,1.96493,3.02827,1.44074,0.00333,1,0.41353,0.21993,1.57849,3.54185,1.44562,0.0352382,0.00023816,0.00023816
34,121.281,1.83994,2.8208,1.55536,0.00333,1,0.41353,0.21993,1.57849,3.54185,1.44562,0.0332322,0.000232222,0.000232222
35,125.659,1.87112,2.88175,1.56323,0.00333,1,0.41353,0.21993,1.57849,3.54185,1.44562,0.0312255,0.000225492,0.000225492
36,130.112,1.44524,3.00689,1.67781,0.00333,1,0.41353,0.21993,1.57849,3.54185,1.44562,0.029218,0.00021797,0.00021797
37,133.807,1.57137,2.83504,1.44471,0.00333,1,0.41353,0.21993,1.57849,3.54185,1.44562,0.0272097,0.000209656,0.000209656
38,138.671,1.77628,3.27596,1.86975,0.00333,1,0.41353,0.21993,1.57849,3.54185,1.44562,0.0252006,0.00020055,0.00020055
39,143.566,2.06361,2.98009,1.75177,0.00333,1,0.41353,0.21993,1.57849,3.54185,1.44562,0.0231907,0.000190652,0.000190652
40,148.273,1.23953,2.65791,1.18255,0.00333,1,0.5602,0.30591,1.27788,3.26639,1.32053,0.02118,0.000179962,0.000179962
41,152.77,1.13375,3.03977,1.37906,0.00333,1,0.5602,0.30591,1.27788,3.26639,1.32053,0.0191685,0.00016848,0.00016848
42,157.671,1.40412,2.85094,1.36151,0.00333,1,0.5602,0.30591,1.27788,3.26639,1.32053,0.0171562,0.000156206,0.000156206
43,161.7,1.32373,2.921,1.67231,0.00333,1,0.5602,0.30591,1.27788,3.26639,1.32053,0.0151431,0.00014314,0.00014314
44,166.24,1.51143,2.96884,1.38708,0.00333,1,0.5602,0.30591,1.27788,3.26639,1.32053,0.0131293,0.000129282,0.000129282
45,170.847,1.17131,2.66787,1.34256,0.00333,1,0.5602,0.30591,1.27788,3.26639,1.32053,0.0111146,0.000114632,0.000114632
46,176.947,0.93976,2.90038,1.08793,0.00333,1,0.5602,0.30591,1.27788,3.26639,1.32053,0.00909919,9.919e-05,9.919e-05
47,181.604,1.11106,2.93312,1.23687,0.00333,1,0.5602,0.30591,1.27788,3.26639,1.32053,0.00708296,8.2956e-05,8.2956e-05
48,186.711,1.57428,2.98866,1.60073,0.00333,1,0.5602,0.30591,1.27788,3.26639,1.32053,0.00506593,6.593e-05,6.593e-05
49,191.27,1.16358,2.9793,1.23229,0.00333,1,0.5602,0.30591,1.27788,3.26639,1.32053,0.00304811,4.8112e-05,4.8112e-05
50,195.049,0.97918,2.81072,1.11991,0.00333,1,0.5602,0.30591,1.27788,3.26639,1.32053,0.0010295,2.9502e-05,2.9502e-05
1,4.83114,2.01495,4.0425,1.58009,0.00303,0.75,0.00289,0.00113,2.42513,3.91329,2.04793,0.09703,3e-05,3e-05
2,7.90433,1.15752,3.63178,1.15923,0.00357,1,0.00441,0.00128,2.8251,3.81139,2.11059,0.0930697,6.96535e-05,6.96535e-05
3,10.9464,1.87234,3.61273,1.42745,0.00357,1,0.00441,0.00128,2.8251,3.81139,2.11059,0.0891089,0.000108911,0.000108911
4,14.4891,2.38061,3.85619,2.03582,0.00357,1,0.00441,0.00128,2.8251,3.81139,2.11059,0.0851478,0.000147772,0.000147772
5,18.2657,2.43405,3.9852,1.9878,0.00357,1,0.00441,0.00128,2.8251,3.81139,2.11059,0.0811862,0.000186238,0.000186238
6,21.353,2.45962,3.60257,2.24692,0.00269,0.75,0.0027,0.00089,2.70466,4.00757,2.45471,0.0772243,0.000224308,0.000224308
7,24.5631,2.11916,3.62979,1.76206,0.00269,0.75,0.0027,0.00089,2.70466,4.00757,2.45471,0.073262,0.000261981,0.000261981
8,28.4425,1.88798,3.60755,1.5785,0.00269,0.75,0.0027,0.00089,2.70466,4.00757,2.45471,0.0692993,0.000299258,0.000299258
9,32.7812,2.20007,3.80245,1.74183,0.00269,0.75,0.0027,0.00089,2.70466,4.00757,2.45471,0.0653361,0.00033614,0.00033614
10,37.0595,2.13366,3.78583,1.85952,0.00269,0.75,0.0027,0.00089,2.70466,4.00757,2.45471,0.0613726,0.000372625,0.000372625
11,40.653,2.052,3.55713,1.77536,0.00269,0.75,0.0027,0.00089,2.70466,4.00757,2.45471,0.0574087,0.000408715,0.000408715
12,44.9472,1.9172,3.53895,1.63127,0.00269,0.75,0.0027,0.00089,2.70466,4.00757,2.45471,0.0534444,0.000444408,0.000444408
13,48.7837,1.68515,3.42435,1.69331,0.00269,0.75,0.0027,0.00089,2.70466,4.00757,2.45471,0.0494797,0.000479706,0.000479706
14,52.5079,1.72432,3.62854,1.86644,0.00269,0.75,0.0027,0.00089,2.70466,4.00757,2.45471,0.0455146,0.000514608,0.000514608
15,55.9642,1.42582,3.20346,1.28408,0.00401,1,0.01248,0.00423,1.87772,3.65589,1.9851,0.0415491,0.000549113,0.000549113
16,60.8854,1.9492,3.05263,1.59652,0.00401,1,0.01248,0.00423,1.87772,3.65589,1.9851,0.0375832,0.000583223,0.000583223
17,64.2748,1.7546,3.12299,1.47469,0.00401,1,0.01248,0.00423,1.87772,3.65589,1.9851,0.0336169,0.000616936,0.000616936
18,67.3561,2.0908,3.33114,1.8662,0.00401,1,0.01248,0.00423,1.87772,3.65589,1.9851,0.0296503,0.000650254,0.000650254
19,70.6981,1.54714,3.0295,1.41241,0.00401,1,0.01248,0.00423,1.87772,3.65589,1.9851,0.0256832,0.000683175,0.000683175
20,75.1859,1.51525,3.21117,1.48252,0.00401,1,0.01248,0.00423,1.87772,3.65589,1.9851,0.0217157,0.000715701,0.000715701
21,78.5631,1.55142,2.9269,1.37217,0.00401,1,0.01248,0.00423,1.87772,3.65589,1.9851,0.0177478,0.00074783,0.00074783
22,82.6066,1.50039,3.08355,1.5023,0.00401,1,0.01248,0.00423,1.87772,3.65589,1.9851,0.0137796,0.000779563,0.000779563
23,86.3884,2.02114,3.27787,1.9745,0.00401,1,0.01248,0.00423,1.87772,3.65589,1.9851,0.0098109,0.000810901,0.000810901
24,89.8601,1.18133,2.72325,1.0695,0.00401,1,0.01248,0.00423,1.87772,3.65589,1.9851,0.00584184,0.000841842,0.000841842
25,93.0804,1.83371,3.2706,1.64739,0.00401,1,0.01248,0.00423,1.87772,3.65589,1.9851,0.00187239,0.000872388,0.000872388
26,96.392,1.90439,3.16615,1.83179,0.00401,1,0.01248,0.00423,1.87772,3.65589,1.9851,0.00087625,0.00087625,0.00087625
27,99.749,1.48418,2.7988,1.37021,0.00401,1,0.01248,0.00423,1.87772,3.65589,1.9851,0.0008713,0.0008713,0.0008713
28,103.653,1.85148,3.01312,1.65674,0.00401,1,0.01248,0.00423,1.87772,3.65589,1.9851,0.00086635,0.00086635,0.00086635
29,106.703,2.13959,3.12867,1.91795,0.00401,1,0.01248,0.00423,1.87772,3.65589,1.9851,0.0008614,0.0008614,0.0008614
30,110.194,1.83853,3.29384,2.00063,0.00401,1,0.01248,0.00423,1.87772,3.65589,1.9851,0.00085645,0.00085645,0.00085645
31,113.551,1.71251,3.09305,1.84233,1,0.69929,0.995,0.35042,1.58171,2.26543,1.72541,0.0008515,0.0008515,0.0008515
32,116.918,1.12218,2.16113,0.98984,1,0.69929,0.995,0.35042,1.58171,2.26543,1.72541,0.00084655,0.00084655,0.00084655
33,121.494,2.01807,2.3188,1.55703,1,0.69929,0.995,0.35042,1.58171,2.26543,1.72541,0.0008416,0.0008416,0.0008416
34,124.967,2.02579,2.12192,1.52819,1,0.69929,0.995,0.35042,1.58171,2.26543,1.72541,0.00083665,0.00083665,0.00083665
35,128.952,1.78377,2.37815,1.54863,1,0.69929,0.995,0.35042,1.58171,2.26543,1.72541,0.0008317,0.0008317,0.0008317
36,132.406,1.52065,2.1255,1.45929,1,0.69929,0.995,0.35042,1.58171,2.26543,1.72541,0.00082675,0.00082675,0.00082675
37,136.136,1.79028,2.47451,1.62604,1,0.69929,0.995,0.35042,1.58171,2.26543,1.72541,0.0008218,0.0008218,0.0008218
38,139.51,1.67837,2.09012,1.80605,1,0.69929,0.995,0.35042,1.58171,2.26543,1.72541,0.00081685,0.00081685,0.00081685
39,143.211,2.00732,2.19453,1.81903,1,0.69929,0.995,0.35042,1.58171,2.26543,1.72541,0.0008119,0.0008119,0.0008119
40,146.448,1.67605,2.3625,1.59986,1,0.69929,0.995,0.35042,1.58171,2.26543,1.72541,0.00080695,0.00080695,0.00080695
41,150.118,1.70999,2.25222,1.2363,1,0.69929,0.995,0.35042,1.58171,2.26543,1.72541,0.000802,0.000802,0.000802
42,155.188,1.5668,2.22233,1.5643,1,0.69929,0.995,0.35042,1.58171,2.26543,1.72541,0.00079705,0.00079705,0.00079705
43,158.67,1.75224,2.09891,1.5922,1,0.69929,0.995,0.35042,1.58171,2.26543,1.72541,0.0007921,0.0007921,0.0007921
44,162.347,1.66303,2.26093,1.34763,1,0.69929,0.995,0.35042,1.58171,2.26543,1.72541,0.00078715,0.00078715,0.00078715
45,166.425,1.60279,2.19032,1.51484,1,0.69929,0.995,0.35042,1.58171,2.26543,1.72541,0.0007822,0.0007822,0.0007822
46,171.044,1.8542,2.31627,1.4566,1,0.69929,0.995,0.35042,1.58171,2.26543,1.72541,0.00077725,0.00077725,0.00077725
47,174.918,2.38375,2.20705,1.96601,0.94126,1,0.995,0.52121,1.42008,2.83213,1.51393,0.0007723,0.0007723,0.0007723
48,178.277,1.62477,2.52043,1.60698,0.94126,1,0.995,0.52121,1.42008,2.83213,1.51393,0.00076735,0.00076735,0.00076735
49,181.621,1.62614,1.64138,1.28078,0.94126,1,0.995,0.52121,1.42008,2.83213,1.51393,0.0007624,0.0007624,0.0007624
50,186.576,1.02513,2.7676,1.24434,0.94126,1,0.995,0.52121,1.42008,2.83213,1.51393,0.00075745,0.00075745,0.00075745
51,190.001,2.24216,2.9256,1.80502,0.94126,1,0.995,0.52121,1.42008,2.83213,1.51393,0.0007525,0.0007525,0.0007525
52,193.724,1.87417,2.22482,1.6038,0.94126,1,0.995,0.52121,1.42008,2.83213,1.51393,0.00074755,0.00074755,0.00074755
53,198.105,1.23399,1.91381,1.25401,0.94126,1,0.995,0.52121,1.42008,2.83213,1.51393,0.0007426,0.0007426,0.0007426
54,201.426,1.50377,2.20742,1.50181,0.94126,1,0.995,0.52121,1.42008,2.83213,1.51393,0.00073765,0.00073765,0.00073765
55,205.613,1.11541,2.36551,1.01009,0.94126,1,0.995,0.52121,1.42008,2.83213,1.51393,0.0007327,0.0007327,0.0007327
56,209.707,1.20553,1.82915,1.28571,0.94126,1,0.995,0.52121,1.42008,2.83213,1.51393,0.00072775,0.00072775,0.00072775
57,212.881,1.58254,2.70017,1.30438,0.94126,1,0.995,0.52121,1.42008,2.83213,1.51393,0.0007228,0.0007228,0.0007228
58,217.013,1.94787,2.19481,1.83218,0.94126,1,0.995,0.52121,1.42008,2.83213,1.51393,0.00071785,0.00071785,0.00071785
59,220.7,1.62884,1.65642,1.43617,0.94126,1,0.995,0.52121,1.42008,2.83213,1.51393,0.0007129,0.0007129,0.0007129
60,224.651,1.42217,3.21455,1.27091,0.94126,1,0.995,0.52121,1.42008,2.83213,1.51393,0.00070795,0.00070795,0.00070795
61,228.397,1.6307,1.8851,1.58005,0.94126,1,0.995,0.52121,1.42008,2.83213,1.51393,0.000703,0.000703,0.000703
62,233.507,1.14192,2.81767,0.98405,0.94126,1,0.995,0.52121,1.42008,2.83213,1.51393,0.00069805,0.00069805,0.00069805
63,237.856,1.55761,1.64003,1.50358,1,0.98962,0.995,0.46746,1.31669,1.9243,1.48136,0.0006931,0.0006931,0.0006931
64,241.534,1.12181,2.43823,1.39721,1,0.98962,0.995,0.46746,1.31669,1.9243,1.48136,0.00068815,0.00068815,0.00068815
65,245.383,1.29376,1.60932,1.38614,1,0.98962,0.995,0.46746,1.31669,1.9243,1.48136,0.0006832,0.0006832,0.0006832
66,248.715,1.14125,1.52692,1.14752,1,0.98962,0.995,0.46746,1.31669,1.9243,1.48136,0.00067825,0.00067825,0.00067825
67,252.199,1.05262,2.19869,1.21422,1,0.98962,0.995,0.46746,1.31669,1.9243,1.48136,0.0006733,0.0006733,0.0006733
68,256.594,0.98942,1.43341,1.16879,1,0.98962,0.995,0.46746,1.31669,1.9243,1.48136,0.00066835,0.00066835,0.00066835
69,262.121,1.19303,1.66455,1.40622,1,0.98962,0.995,0.46746,1.31669,1.9243,1.48136,0.0006634,0.0006634,0.0006634
70,266.4,1.12504,2.14963,1.3076,1,0.98962,0.995,0.46746,1.31669,1.9243,1.48136,0.00065845,0.00065845,0.00065845
71,270.759,0.80474,2.55941,1.00874,1,0.98962,0.995,0.46746,1.31669,1.9243,1.48136,0.0006535,0.0006535,0.0006535
72,275.022,0.92073,2.042,0.99433,1,0.98962,0.995,0.46746,1.31669,1.9243,1.48136,0.00064855,0.00064855,0.00064855
73,279.378,1.08561,1.97089,1.23672,1,0.98962,0.995,0.46746,1.31669,1.9243,1.48136,0.0006436,0.0006436,0.0006436
74,283.964,1.27914,1.74938,1.31125,1,0.98962,0.995,0.46746,1.31669,1.9243,1.48136,0.00063865,0.00063865,0.00063865
75,290.031,1.57349,2.16102,1.42073,1,0.98962,0.995,0.46746,1.31669,1.9243,1.48136,0.0006337,0.0006337,0.0006337
76,295.846,1.36882,1.97294,1.37825,1,0.98962,0.995,0.46746,1.31669,1.9243,1.48136,0.00062875,0.00062875,0.00062875
77,301.394,1.18781,1.81162,1.39328,1,0.98962,0.995,0.46746,1.31669,1.9243,1.48136,0.0006238,0.0006238,0.0006238
78,305.771,1.16018,1.8367,1.3131,1,0.98962,0.995,0.46746,1.31669,1.9243,1.48136,0.00061885,0.00061885,0.00061885
79,311.067,1.18982,2.00019,1.21665,0.92665,0.75,0.87,0.61893,0.89005,1.60224,1.14468,0.0006139,0.0006139,0.0006139
80,315.274,1.23054,1.63676,1.18707,0.92665,0.75,0.87,0.61893,0.89005,1.60224,1.14468,0.00060895,0.00060895,0.00060895
81,319.524,1.33166,2.02977,1.46035,0.92665,0.75,0.87,0.61893,0.89005,1.60224,1.14468,0.000604,0.000604,0.000604
82,322.872,1.43467,2.50062,1.15964,0.92665,0.75,0.87,0.61893,0.89005,1.60224,1.14468,0.00059905,0.00059905,0.00059905
83,326.181,1.32615,1.80833,1.1809,0.92665,0.75,0.87,0.61893,0.89005,1.60224,1.14468,0.0005941,0.0005941,0.0005941
84,330.696,1.23437,1.82882,1.2514,0.92665,0.75,0.87,0.61893,0.89005,1.60224,1.14468,0.00058915,0.00058915,0.00058915
85,334.845,1.08583,1.78128,1.34384,0.92665,0.75,0.87,0.61893,0.89005,1.60224,1.14468,0.0005842,0.0005842,0.0005842
86,338.325,1.03793,1.56847,1.18879,0.92665,0.75,0.87,0.61893,0.89005,1.60224,1.14468,0.00057925,0.00057925,0.00057925
87,342.37,1.30189,2.07567,1.20201,0.92665,0.75,0.87,0.61893,0.89005,1.60224,1.14468,0.0005743,0.0005743,0.0005743
88,346.642,1.37855,1.77896,1.31046,0.92665,0.75,0.87,0.61893,0.89005,1.60224,1.14468,0.00056935,0.00056935,0.00056935
89,350.558,1.73522,2.64531,1.34501,0.92665,0.75,0.87,0.61893,0.89005,1.60224,1.14468,0.0005644,0.0005644,0.0005644
90,355.172,1.35116,1.74134,1.46082,0.92665,0.75,0.87,0.61893,0.89005,1.60224,1.14468,0.00055945,0.00055945,0.00055945
91,358.302,1.23146,1.79878,1.24325,0.92665,0.75,0.87,0.61893,0.89005,1.60224,1.14468,0.0005545,0.0005545,0.0005545
92,362.064,0.77971,1.98828,0.87802,0.92665,0.75,0.87,0.61893,0.89005,1.60224,1.14468,0.00054955,0.00054955,0.00054955
93,366.375,1.17073,1.68749,1.37808,0.92665,0.75,0.87,0.61893,0.89005,1.60224,1.14468,0.0005446,0.0005446,0.0005446
94,370.788,1.19142,1.65101,1.17812,0.92665,0.75,0.87,0.61893,0.89005,1.60224,1.14468,0.00053965,0.00053965,0.00053965
95,374.523,1.28526,1.66197,1.29292,0.6495,1,0.91167,0.62088,0.92534,1.61541,1.15539,0.0005347,0.0005347,0.0005347
96,377.975,0.83558,1.86284,0.86848,0.6495,1,0.91167,0.62088,0.92534,1.61541,1.15539,0.00052975,0.00052975,0.00052975
97,381.618,1.06609,1.47646,1.12858,0.6495,1,0.91167,0.62088,0.92534,1.61541,1.15539,0.0005248,0.0005248,0.0005248
98,385.106,1.57233,1.85924,1.61998,0.6495,1,0.91167,0.62088,0.92534,1.61541,1.15539,0.00051985,0.00051985,0.00051985
99,389.164,1.47676,1.92076,1.26951,0.6495,1,0.91167,0.62088,0.92534,1.61541,1.15539,0.0005149,0.0005149,0.0005149
100,392.997,1.09241,1.64837,1.09258,0.6495,1,0.91167,0.62088,0.92534,1.61541,1.15539,0.00050995,0.00050995,0.00050995
101,397.434,0.90845,1.55924,1.1385,0.6495,1,0.91167,0.62088,0.92534,1.61541,1.15539,0.000505,0.000505,0.000505
102,401.496,1.0666,1.79478,1.1601,0.6495,1,0.91167,0.62088,0.92534,1.61541,1.15539,0.00050005,0.00050005,0.00050005
103,406.083,1.56317,1.84825,1.17531,0.6495,1,0.91167,0.62088,0.92534,1.61541,1.15539,0.0004951,0.0004951,0.0004951
104,409.228,1.11851,1.53514,1.08811,0.6495,1,0.91167,0.62088,0.92534,1.61541,1.15539,0.00049015,0.00049015,0.00049015
105,413.085,0.71375,2.25982,0.94001,0.6495,1,0.91167,0.62088,0.92534,1.61541,1.15539,0.0004852,0.0004852,0.0004852
106,416.901,1.04559,1.85082,1.12242,0.6495,1,0.91167,0.62088,0.92534,1.61541,1.15539,0.00048025,0.00048025,0.00048025
107,421.237,1.327,1.88034,1.23685,0.6495,1,0.91167,0.62088,0.92534,1.61541,1.15539,0.0004753,0.0004753,0.0004753
108,425.074,1.10285,1.6242,1.1543,0.6495,1,0.91167,0.62088,0.92534,1.61541,1.15539,0.00047035,0.00047035,0.00047035
109,428.696,1.36121,1.92949,1.36376,0.6495,1,0.91167,0.62088,0.92534,1.61541,1.15539,0.0004654,0.0004654,0.0004654
110,431.887,0.7823,1.98123,0.84255,0.6495,1,0.91167,0.62088,0.92534,1.61541,1.15539,0.00046045,0.00046045,0.00046045
111,435.637,0.99094,1.75762,1.19265,0.98431,1,0.995,0.5517,1.01192,1.63798,1.16927,0.0004555,0.0004555,0.0004555
112,439.598,0.99474,1.53799,1.00347,0.98431,1,0.995,0.5517,1.01192,1.63798,1.16927,0.00045055,0.00045055,0.00045055
113,443.813,0.79334,1.52919,1.07396,0.98431,1,0.995,0.5517,1.01192,1.63798,1.16927,0.0004456,0.0004456,0.0004456
114,447.671,0.68722,1.90232,0.84036,0.98431,1,0.995,0.5517,1.01192,1.63798,1.16927,0.00044065,0.00044065,0.00044065
115,451.256,0.63723,1.97398,0.77972,0.98431,1,0.995,0.5517,1.01192,1.63798,1.16927,0.0004357,0.0004357,0.0004357
116,454.95,1.24975,1.72664,1.16966,0.98431,1,0.995,0.5517,1.01192,1.63798,1.16927,0.00043075,0.00043075,0.00043075
117,458.283,1.0325,2.484,0.90862,0.98431,1,0.995,0.5517,1.01192,1.63798,1.16927,0.0004258,0.0004258,0.0004258
118,461.985,0.91595,1.38579,1.07211,0.98431,1,0.995,0.5517,1.01192,1.63798,1.16927,0.00042085,0.00042085,0.00042085
119,465.828,1.11662,1.50572,1.13605,0.98431,1,0.995,0.5517,1.01192,1.63798,1.16927,0.0004159,0.0004159,0.0004159
120,469.525,1.03153,2.05221,1.33251,0.98431,1,0.995,0.5517,1.01192,1.63798,1.16927,0.00041095,0.00041095,0.00041095
121,472.958,0.72713,1.47152,1.05929,0.98431,1,0.995,0.5517,1.01192,1.63798,1.16927,0.000406,0.000406,0.000406
122,476.634,0.974,1.39456,1.08208,0.98431,1,0.995,0.5517,1.01192,1.63798,1.16927,0.00040105,0.00040105,0.00040105
123,480.332,1.30788,1.70373,1.2417,0.98431,1,0.995,0.5517,1.01192,1.63798,1.16927,0.0003961,0.0003961,0.0003961
124,484.247,0.94147,1.45912,0.90211,0.98431,1,0.995,0.5517,1.01192,1.63798,1.16927,0.00039115,0.00039115,0.00039115
125,488.268,0.8721,1.68409,1.09047,0.98431,1,0.995,0.5517,1.01192,1.63798,1.16927,0.0003862,0.0003862,0.0003862
126,491.542,0.98435,1.41399,1.19265,0.98431,1,0.995,0.5517,1.01192,1.63798,1.16927,0.00038125,0.00038125,0.00038125
127,495.051,1.00277,1.53058,1.09332,1,0.8743,0.995,0.7832,0.70866,1.40851,0.94286,0.0003763,0.0003763,0.0003763
128,498.694,1.29194,1.92502,1.17914,1,0.8743,0.995,0.7832,0.70866,1.40851,0.94286,0.00037135,0.00037135,0.00037135
129,502.597,0.73145,1.46698,0.99567,1,0.8743,0.995,0.7832,0.70866,1.40851,0.94286,0.0003664,0.0003664,0.0003664
130,506.732,0.95347,2.28668,0.93319,1,0.8743,0.995,0.7832,0.70866,1.40851,0.94286,0.00036145,0.00036145,0.00036145
131,510.517,0.77629,1.70452,1.09842,1,0.8743,0.995,0.7832,0.70866,1.40851,0.94286,0.0003565,0.0003565,0.0003565
132,513.941,0.99152,1.45271,1.03965,1,0.8743,0.995,0.7832,0.70866,1.40851,0.94286,0.00035155,0.00035155,0.00035155
133,517.741,0.66596,1.60706,1.15251,1,0.8743,0.995,0.7832,0.70866,1.40851,0.94286,0.0003466,0.0003466,0.0003466
134,521.359,0.95078,1.88927,0.91955,1,0.8743,0.995,0.7832,0.70866,1.40851,0.94286,0.00034165,0.00034165,0.00034165
135,525.014,0.80173,1.57157,1.1001,1,0.8743,0.995,0.7832,0.70866,1.40851,0.94286,0.0003367,0.0003367,0.0003367
136,528.894,1.54719,1.74575,1.5338,1,0.8743,0.995,0.7832,0.70866,1.40851,0.94286,0.00033175,0.00033175,0.00033175
137,532.558,0.87685,1.33635,1.07136,1,0.8743,0.995,0.7832,0.70866,1.40851,0.94286,0.0003268,0.0003268,0.0003268
138,535.906,0.61125,1.76268,0.75245,1,0.8743,0.995,0.7832,0.70866,1.40851,0.94286,0.00032185,0.00032185,0.00032185
139,539.978,0.92971,1.44056,1.13852,1,0.8743,0.995,0.7832,0.70866,1.40851,0.94286,0.0003169,0.0003169,0.0003169
140,543.795,0.92283,1.38172,1.20386,1,0.8743,0.995,0.7832,0.70866,1.40851,0.94286,0.00031195,0.00031195,0.00031195
141,547.636,1.26847,1.35082,1.36441,1,0.8743,0.995,0.7832,0.70866,1.40851,0.94286,0.000307,0.000307,0.000307
142,551.2,0.67218,2.05227,0.91698,1,0.8743,0.995,0.7832,0.70866,1.40851,0.94286,0.00030205,0.00030205,0.00030205
143,554.886,1.16988,1.55688,1.21189,1,0.74874,0.995,0.86011,0.60571,1.26159,0.87259,0.0002971,0.0002971,0.0002971
144,559.755,0.76969,1.15673,0.98335,1,0.74874,0.995,0.86011,0.60571,1.26159,0.87259,0.00029215,0.00029215,0.00029215
145,563.048,0.70802,1.45386,0.86388,1,0.74874,0.995,0.86011,0.60571,1.26159,0.87259,0.0002872,0.0002872,0.0002872
146,566.388,0.97143,1.19156,1.01649,1,0.74874,0.995,0.86011,0.60571,1.26159,0.87259,0.00028225,0.00028225,0.00028225
147,570.306,1.03487,1.47851,1.12048,1,0.74874,0.995,0.86011,0.60571,1.26159,0.87259,0.0002773,0.0002773,0.0002773
148,574.211,0.95892,1.87658,0.9654,1,0.74874,0.995,0.86011,0.60571,1.26159,0.87259,0.00027235,0.00027235,0.00027235
149,577.659,0.77401,1.31439,1.14458,1,0.74874,0.995,0.86011,0.60571,1.26159,0.87259,0.0002674,0.0002674,0.0002674
150,581.265,0.66848,1.45121,1.00907,1,0.74874,0.995,0.86011,0.60571,1.26159,0.87259,0.00026245,0.00026245,0.00026245
151,584.698,1.04799,1.54361,1.16065,1,0.74874,0.995,0.86011,0.60571,1.26159,0.87259,0.0002575,0.0002575,0.0002575
152,588.412,0.67365,1.25455,0.99516,1,0.74874,0.995,0.86011,0.60571,1.26159,0.87259,0.00025255,0.00025255,0.00025255
153,592.115,1.14961,1.91513,1.19556,1,0.74874,0.995,0.86011,0.60571,1.26159,0.87259,0.0002476,0.0002476,0.0002476
154,595.884,0.77325,1.67341,1.10323,1,0.74874,0.995,0.86011,0.60571,1.26159,0.87259,0.00024265,0.00024265,0.00024265
155,599.609,1.30922,1.6036,1.38725,1,0.74874,0.995,0.86011,0.60571,1.26159,0.87259,0.0002377,0.0002377,0.0002377
156,603.475,0.56198,1.70775,0.72892,1,0.74874,0.995,0.86011,0.60571,1.26159,0.87259,0.00023275,0.00023275,0.00023275
157,607.192,0.91301,1.34704,1.04761,1,0.74874,0.995,0.86011,0.60571,1.26159,0.87259,0.0002278,0.0002278,0.0002278
158,610.956,1.0418,1.62378,1.28683,1,0.74874,0.995,0.86011,0.60571,1.26159,0.87259,0.00022285,0.00022285,0.00022285
159,614.894,0.64486,1.27734,1.05792,0.92694,1,0.995,0.78566,0.62109,1.22151,0.85958,0.0002179,0.0002179,0.0002179
160,618.502,1.31649,1.57728,1.20315,0.92694,1,0.995,0.78566,0.62109,1.22151,0.85958,0.00021295,0.00021295,0.00021295
161,623.46,0.97862,1.20412,1.04859,0.92694,1,0.995,0.78566,0.62109,1.22151,0.85958,0.000208,0.000208,0.000208
162,628.223,1.12104,1.42065,1.09403,0.92694,1,0.995,0.78566,0.62109,1.22151,0.85958,0.00020305,0.00020305,0.00020305
163,632.895,0.97782,1.19449,1.12483,0.92694,1,0.995,0.78566,0.62109,1.22151,0.85958,0.0001981,0.0001981,0.0001981
164,637.245,0.84494,1.08799,1.0501,0.92694,1,0.995,0.78566,0.62109,1.22151,0.85958,0.00019315,0.00019315,0.00019315
165,641.733,0.68385,1.48545,1.0597,0.92694,1,0.995,0.78566,0.62109,1.22151,0.85958,0.0001882,0.0001882,0.0001882
166,646.681,1.17675,1.57834,1.27518,0.92694,1,0.995,0.78566,0.62109,1.22151,0.85958,0.00018325,0.00018325,0.00018325
167,650.965,0.42952,1.85722,0.46857,0.92694,1,0.995,0.78566,0.62109,1.22151,0.85958,0.0001783,0.0001783,0.0001783
168,655.624,0.96223,1.41924,1.21125,0.92694,1,0.995,0.78566,0.62109,1.22151,0.85958,0.00017335,0.00017335,0.00017335
1,3.66517,2.01495,4.0425,1.58009,0.00303,0.75,0.00289,0.00113,2.42513,3.91329,2.04793,0.09703,3e-05,3e-05
2,6.59761,1.15752,3.63178,1.15923,0.00357,1,0.0044,0.00128,2.82501,3.81136,2.11014,0.0930695,6.9538e-05,6.9538e-05
3,9.67238,1.87245,3.61281,1.4275,0.00357,1,0.0044,0.00128,2.82501,3.81136,2.11014,0.0891085,0.000108548,0.000108548
4,12.6948,2.38065,3.85626,2.03582,0.00357,1,0.0044,0.00128,2.82501,3.81136,2.11014,0.085147,0.00014703,0.00014703
5,15.7085,2.4339,3.98547,1.98777,0.00357,1,0.0044,0.00128,2.82501,3.81136,2.11014,0.081185,0.000184984,0.000184984
6,18.7433,2.46108,3.60285,2.24726,0.00268,0.75,0.00269,0.00088,2.71347,4.00711,2.45674,0.0772224,0.00022241,0.00022241
7,21.9281,2.12036,3.63339,1.76342,0.00268,0.75,0.00269,0.00088,2.71347,4.00711,2.45674,0.0732593,0.000259308,0.000259308
8,25.1614,1.88902,3.60874,1.5786,0.00268,0.75,0.00269,0.00088,2.71347,4.00711,2.45674,0.0692957,0.000295678,0.000295678
9,27.8593,2.20364,3.79986,1.74245,0.00268,0.75,0.00269,0.00088,2.71347,4.00711,2.45674,0.0653315,0.00033152,0.00033152
10,30.9358,2.13367,3.78628,1.85915,0.00268,0.75,0.00269,0.00088,2.71347,4.00711,2.45674,0.0613668,0.000366834,0.000366834
11,34.3378,2.05041,3.56002,1.77521,0.00268,0.75,0.00269,0.00088,2.71347,4.00711,2.45674,0.0574016,0.00040162,0.00040162
12,37.3049,1.91596,3.53986,1.63107,0.00268,0.75,0.00269,0.00088,2.71347,4.00711,2.45674,0.0534359,0.000435878,0.000435878
13,40.3187,1.68537,3.42581,1.69103,0.00268,0.75,0.00269,0.00088,2.71347,4.00711,2.45674,0.0494696,0.000469608,0.000469608
14,43.5191,1.72415,3.6287,1.8668,0.00268,0.75,0.00269,0.00088,2.71347,4.00711,2.45674,0.0455028,0.00050281,0.00050281
15,46.8839,1.42907,3.19998,1.28649,0.004,1,0.01202,0.00417,1.87733,3.66272,1.99518,0.0415355,0.000535484,0.000535484
16,49.8306,1.93909,3.0656,1.59177,0.004,1,0.01202,0.00417,1.87733,3.66272,1.99518,0.0375676,0.00056763,0.00056763
17,52.9188,1.75213,3.13819,1.48963,0.004,1,0.01202,0.00417,1.87733,3.66272,1.99518,0.0335992,0.000599248,0.000599248
18,56.2799,2.11933,3.33176,1.87366,0.004,1,0.01202,0.00417,1.87733,3.66272,1.99518,0.0296303,0.000630338,0.000630338
19,59.5373,1.55497,3.03388,1.4155,0.004,1,0.01202,0.00417,1.87733,3.66272,1.99518,0.0256609,0.0006609,0.0006609
20,62.5504,1.52854,3.21436,1.49854,0.004,1,0.01202,0.00417,1.87733,3.66272,1.99518,0.0216909,0.000690934,0.000690934
21,65.8826,1.55205,2.94569,1.37388,0.004,1,0.01202,0.00417,1.87733,3.66272,1.99518,0.0177204,0.00072044,0.00072044
22,68.952,1.52283,3.09447,1.5122,0.004,1,0.01202,0.00417,1.87733,3.66272,1.99518,0.0137494,0.000749418,0.000749418
23,71.9801,2.02038,3.29609,1.9723,0.004,1,0.01202,0.00417,1.87733,3.66272,1.99518,0.00977787,0.000777868,0.000777868
24,75.4572,1.18004,2.73133,1.07258,0.004,1,0.01202,0.00417,1.87733,3.66272,1.99518,0.00580579,0.00080579,0.00080579
25,79.0853,1.83048,3.28414,1.64734,0.004,1,0.01202,0.00417,1.87733,3.66272,1.99518,0.00183318,0.000833184,0.000833184
26,82.4997,1.89646,3.16483,1.83016,0.004,1,0.01202,0.00417,1.87733,3.66272,1.99518,0.000835,0.000835,0.000835
27,85.5896,1.47765,2.80733,1.3669,0.004,1,0.01202,0.00417,1.87733,3.66272,1.99518,0.0008284,0.0008284,0.0008284
28,88.7948,1.84939,3.03442,1.66582,0.004,1,0.01202,0.00417,1.87733,3.66272,1.99518,0.0008218,0.0008218,0.0008218
29,92.0345,2.12531,3.12559,1.90162,0.004,1,0.01202,0.00417,1.87733,3.66272,1.99518,0.0008152,0.0008152,0.0008152
30,95.474,1.829,3.29684,1.9935,0.004,1,0.01202,0.00417,1.87733,3.66272,1.99518,0.0008086,0.0008086,0.0008086
31,99.1079,1.71937,3.10671,1.8409,1,0.67773,0.995,0.4171,1.62353,2.35434,1.72845,0.000802,0.000802,0.000802
32,102.187,1.01088,2.15414,0.93273,1,0.67773,0.995,0.4171,1.62353,2.35434,1.72845,0.0007954,0.0007954,0.0007954
33,105.373,1.96913,2.41254,1.50545,1,0.67773,0.995,0.4171,1.62353,2.35434,1.72845,0.0007888,0.0007888,0.0007888
34,108.853,1.91656,2.12222,1.43213,1,0.67773,0.995,0.4171,1.62353,2.35434,1.72845,0.0007822,0.0007822,0.0007822
35,112.167,1.8338,2.44348,1.57156,1,0.67773,0.995,0.4171,1.62353,2.35434,1.72845,0.0007756,0.0007756,0.0007756
36,115.03,1.50384,2.15901,1.443,1,0.67773,0.995,0.4171,1.62353,2.35434,1.72845,0.000769,0.000769,0.000769
37,118.594,1.77093,2.58399,1.55798,1,0.67773,0.995,0.4171,1.62353,2.35434,1.72845,0.0007624,0.0007624,0.0007624
38,122.024,1.64724,2.19471,1.764,1,0.67773,0.995,0.4171,1.62353,2.35434,1.72845,0.0007558,0.0007558,0.0007558
39,125.334,1.97161,2.2913,1.77663,1,0.67773,0.995,0.4171,1.62353,2.35434,1.72845,0.0007492,0.0007492,0.0007492
40,129.019,1.64628,2.32173,1.52444,1,0.67773,0.995,0.4171,1.62353,2.35434,1.72845,0.0007426,0.0007426,0.0007426
41,132.259,1.63589,2.34189,1.20754,1,0.67773,0.995,0.4171,1.62353,2.35434,1.72845,0.000736,0.000736,0.000736
42,135.666,1.56471,2.2497,1.58995,1,0.67773,0.995,0.4171,1.62353,2.35434,1.72845,0.0007294,0.0007294,0.0007294
43,139.165,1.62595,2.09602,1.5023,1,0.67773,0.995,0.4171,1.62353,2.35434,1.72845,0.0007228,0.0007228,0.0007228
44,142.578,1.58439,2.28964,1.32353,1,0.67773,0.995,0.4171,1.62353,2.35434,1.72845,0.0007162,0.0007162,0.0007162
45,145.746,1.55735,2.29581,1.48967,1,0.67773,0.995,0.4171,1.62353,2.35434,1.72845,0.0007096,0.0007096,0.0007096
46,149.367,1.79373,2.40729,1.44088,1,0.67773,0.995,0.4171,1.62353,2.35434,1.72845,0.000703,0.000703,0.000703
47,152.955,2.12188,2.21176,1.74421,1,0.99568,0.995,0.50909,1.38912,2.0313,1.45698,0.0006964,0.0006964,0.0006964
48,156.772,1.51769,2.39119,1.49466,1,0.99568,0.995,0.50909,1.38912,2.0313,1.45698,0.0006898,0.0006898,0.0006898
49,160.949,1.54014,1.66402,1.27003,1,0.99568,0.995,0.50909,1.38912,2.0313,1.45698,0.0006832,0.0006832,0.0006832
50,164.821,0.98784,2.47053,1.19654,1,0.99568,0.995,0.50909,1.38912,2.0313,1.45698,0.0006766,0.0006766,0.0006766
51,168.013,2.245,2.85992,1.78701,1,0.99568,0.995,0.50909,1.38912,2.0313,1.45698,0.00067,0.00067,0.00067
52,171.483,1.76184,2.1369,1.54492,1,0.99568,0.995,0.50909,1.38912,2.0313,1.45698,0.0006634,0.0006634,0.0006634
53,175.03,1.25309,2.00175,1.29376,1,0.99568,0.995,0.50909,1.38912,2.0313,1.45698,0.0006568,0.0006568,0.0006568
54,178.539,1.60145,1.93837,1.55641,1,0.99568,0.995,0.50909,1.38912,2.0313,1.45698,0.0006502,0.0006502,0.0006502
55,181.986,1.08225,2.26964,1.01522,1,0.99568,0.995,0.50909,1.38912,2.0313,1.45698,0.0006436,0.0006436,0.0006436
56,185.274,1.14316,1.65175,1.21832,1,0.99568,0.995,0.50909,1.38912,2.0313,1.45698,0.000637,0.000637,0.000637
57,188.777,1.50789,2.39296,1.1308,1,0.99568,0.995,0.50909,1.38912,2.0313,1.45698,0.0006304,0.0006304,0.0006304
58,192.598,1.82098,2.07973,1.76032,1,0.99568,0.995,0.50909,1.38912,2.0313,1.45698,0.0006238,0.0006238,0.0006238
59,196.572,1.58615,1.60061,1.41443,1,0.99568,0.995,0.50909,1.38912,2.0313,1.45698,0.0006172,0.0006172,0.0006172
60,200.908,1.21585,2.89261,1.1491,1,0.99568,0.995,0.50909,1.38912,2.0313,1.45698,0.0006106,0.0006106,0.0006106
61,204.845,1.54624,1.84274,1.55071,1,0.99568,0.995,0.50909,1.38912,2.0313,1.45698,0.000604,0.000604,0.000604
62,208.689,1.1442,2.83488,0.95568,1,0.99568,0.995,0.50909,1.38912,2.0313,1.45698,0.0005974,0.0005974,0.0005974
63,212.231,1.60851,1.67815,1.4957,0.93528,0.75,0.91167,0.43937,1.12207,1.92415,1.25611,0.0005908,0.0005908,0.0005908
64,216.027,1.29012,2.17232,1.45691,0.93528,0.75,0.91167,0.43937,1.12207,1.92415,1.25611,0.0005842,0.0005842,0.0005842
65,219.768,1.31235,1.56692,1.42829,0.93528,0.75,0.91167,0.43937,1.12207,1.92415,1.25611,0.0005776,0.0005776,0.0005776
66,223.715,1.16346,1.62658,1.14533,0.93528,0.75,0.91167,0.43937,1.12207,1.92415,1.25611,0.000571,0.000571,0.000571
67,227.975,0.91404,2.09149,1.16053,0.93528,0.75,0.91167,0.43937,1.12207,1.92415,1.25611,0.0005644,0.0005644,0.0005644
68,231.845,1.01027,1.44465,1.18147,0.93528,0.75,0.91167,0.43937,1.12207,1.92415,1.25611,0.0005578,0.0005578,0.0005578
69,235.851,1.13428,1.69149,1.35414,0.93528,0.75,0.91167,0.43937,1.12207,1.92415,1.25611,0.0005512,0.0005512,0.0005512
70,239.197,1.12717,2.02712,1.28967,0.93528,0.75,0.91167,0.43937,1.12207,1.92415,1.25611,0.0005446,0.0005446,0.0005446
71,243.023,0.76731,2.47037,1.00369,0.93528,0.75,0.91167,0.43937,1.12207,1.92415,1.25611,0.000538,0.000538,0.000538
72,246.732,0.95692,1.95655,0.97079,0.93528,0.75,0.91167,0.43937,1.12207,1.92415,1.25611,0.0005314,0.0005314,0.0005314
73,250.245,1.07027,1.91837,1.23644,0.93528,0.75,0.91167,0.43937,1.12207,1.92415,1.25611,0.0005248,0.0005248,0.0005248
74,254.069,1.19058,1.74207,1.27289,0.93528,0.75,0.91167,0.43937,1.12207,1.92415,1.25611,0.0005182,0.0005182,0.0005182
75,257.59,1.63275,2.43379,1.51251,0.93528,0.75,0.91167,0.43937,1.12207,1.92415,1.25611,0.0005116,0.0005116,0.0005116
76,261.147,1.38715,2.15964,1.41166,0.93528,0.75,0.91167,0.43937,1.12207,1.92415,1.25611,0.000505,0.000505,0.000505
77,265.202,1.20641,1.87537,1.37839,0.93528,0.75,0.91167,0.43937,1.12207,1.92415,1.25611,0.0004984,0.0004984,0.0004984
78,268.862,1.15702,1.80253,1.29021,0.93528,0.75,0.91167,0.43937,1.12207,1.92415,1.25611,0.0004918,0.0004918,0.0004918
79,272.843,1.12517,1.88766,1.16964,0.96663,0.75,0.85611,0.49056,1.06915,1.78116,1.18922,0.0004852,0.0004852,0.0004852
80,276.803,1.29373,1.55756,1.18874,0.96663,0.75,0.85611,0.49056,1.06915,1.78116,1.18922,0.0004786,0.0004786,0.0004786
81,280.627,1.26214,1.89263,1.43292,0.96663,0.75,0.85611,0.49056,1.06915,1.78116,1.18922,0.000472,0.000472,0.000472
82,284.525,1.43555,2.48421,1.12714,0.96663,0.75,0.85611,0.49056,1.06915,1.78116,1.18922,0.0004654,0.0004654,0.0004654
83,288.247,1.25111,1.76096,1.14335,0.96663,0.75,0.85611,0.49056,1.06915,1.78116,1.18922,0.0004588,0.0004588,0.0004588
84,291.663,1.13877,1.73394,1.18944,0.96663,0.75,0.85611,0.49056,1.06915,1.78116,1.18922,0.0004522,0.0004522,0.0004522
85,295.51,1.04439,1.67169,1.27415,0.96663,0.75,0.85611,0.49056,1.06915,1.78116,1.18922,0.0004456,0.0004456,0.0004456
86,299.217,0.98617,1.51938,1.13709,0.96663,0.75,0.85611,0.49056,1.06915,1.78116,1.18922,0.000439,0.000439,0.000439
87,302.88,1.27346,2.05362,1.16633,0.96663,0.75,0.85611,0.49056,1.06915,1.78116,1.18922,0.0004324,0.0004324,0.0004324
88,306.698,1.34274,1.61395,1.26413,0.96663,0.75,0.85611,0.49056,1.06915,1.78116,1.18922,0.0004258,0.0004258,0.0004258
89,310.673,1.72853,2.56077,1.34375,0.96663,0.75,0.85611,0.49056,1.06915,1.78116,1.18922,0.0004192,0.0004192,0.0004192
90,314.503,1.27117,1.69191,1.42195,0.96663,0.75,0.85611,0.49056,1.06915,1.78116,1.18922,0.0004126,0.0004126,0.0004126
91,318.497,1.22668,1.67443,1.21594,0.96663,0.75,0.85611,0.49056,1.06915,1.78116,1.18922,0.000406,0.000406,0.000406
92,322.589,0.70229,1.94099,0.84535,0.96663,0.75,0.85611,0.49056,1.06915,1.78116,1.18922,0.0003994,0.0003994,0.0003994
93,327.002,1.06288,1.57625,1.31359,0.96663,0.75,0.85611,0.49056,1.06915,1.78116,1.18922,0.0003928,0.0003928,0.0003928
94,331.009,1.09227,1.47512,1.13671,0.96663,0.75,0.85611,0.49056,1.06915,1.78116,1.18922,0.0003862,0.0003862,0.0003862
95,334.994,1.34538,1.57259,1.31553,0.78794,0.93968,0.945,0.65968,0.99307,1.59578,1.12367,0.0003796,0.0003796,0.0003796
96,338.787,0.89322,1.82404,0.89143,0.78794,0.93968,0.945,0.65968,0.99307,1.59578,1.12367,0.000373,0.000373,0.000373
97,342.535,1.10206,1.42754,1.13224,0.78794,0.93968,0.945,0.65968,0.99307,1.59578,1.12367,0.0003664,0.0003664,0.0003664
98,346.545,1.39579,1.78763,1.50606,0.78794,0.93968,0.945,0.65968,0.99307,1.59578,1.12367,0.0003598,0.0003598,0.0003598
99,350.271,1.4467,1.88959,1.25708,0.78794,0.93968,0.945,0.65968,0.99307,1.59578,1.12367,0.0003532,0.0003532,0.0003532
100,354.15,1.06304,1.60426,1.0888,0.78794,0.93968,0.945,0.65968,0.99307,1.59578,1.12367,0.0003466,0.0003466,0.0003466
101,358.168,0.8853,1.63128,1.13897,0.78794,0.93968,0.945,0.65968,0.99307,1.59578,1.12367,0.00034,0.00034,0.00034
102,362.02,1.07422,1.77485,1.15153,0.78794,0.93968,0.945,0.65968,0.99307,1.59578,1.12367,0.0003334,0.0003334,0.0003334
103,365.975,1.51255,1.79716,1.17644,0.78794,0.93968,0.945,0.65968,0.99307,1.59578,1.12367,0.0003268,0.0003268,0.0003268
104,369.911,1.12068,1.51715,1.0841,0.78794,0.93968,0.945,0.65968,0.99307,1.59578,1.12367,0.0003202,0.0003202,0.0003202
105,373.457,0.73416,2.19019,0.96302,0.78794,0.93968,0.945,0.65968,0.99307,1.59578,1.12367,0.0003136,0.0003136,0.0003136
106,377.344,1.13667,1.83738,1.1719,0.78794,0.93968,0.945,0.65968,0.99307,1.59578,1.12367,0.000307,0.000307,0.000307
107,381.248,1.30478,1.88225,1.26808,0.78794,0.93968,0.945,0.65968,0.99307,1.59578,1.12367,0.0003004,0.0003004,0.0003004
108,385.009,1.05566,1.57668,1.15825,0.78794,0.93968,0.945,0.65968,0.99307,1.59578,1.12367,0.0002938,0.0002938,0.0002938
109,388.913,1.41503,1.91917,1.36185,0.78794,0.93968,0.945,0.65968,0.99307,1.59578,1.12367,0.0002872,0.0002872,0.0002872
110,392.878,0.7606,1.98613,0.79475,0.78794,0.93968,0.945,0.65968,0.99307,1.59578,1.12367,0.0002806,0.0002806,0.0002806
111,397.021,0.98298,1.64306,1.17926,0.8587,0.75,0.945,0.6277,1.06313,1.50992,1.16832,0.000274,0.000274,0.000274
112,401.276,1.01986,1.45481,1.01216,0.8587,0.75,0.945,0.6277,1.06313,1.50992,1.16832,0.0002674,0.0002674,0.0002674
113,404.81,0.7789,1.58871,1.06841,0.8587,0.75,0.945,0.6277,1.06313,1.50992,1.16832,0.0002608,0.0002608,0.0002608
114,408.79,0.70996,1.86857,0.85914,0.8587,0.75,0.945,0.6277,1.06313,1.50992,1.16832,0.0002542,0.0002542,0.0002542
115,412.836,0.65251,1.89258,0.78195,0.8587,0.75,0.945,0.6277,1.06313,1.50992,1.16832,0.0002476,0.0002476,0.0002476
116,416.895,1.15658,1.71526,1.11821,0.8587,0.75,0.945,0.6277,1.06313,1.50992,1.16832,0.000241,0.000241,0.000241
117,420.777,1.01859,2.49436,0.89599,0.8587,0.75,0.945,0.6277,1.06313,1.50992,1.16832,0.0002344,0.0002344,0.0002344
118,425.236,0.93734,1.38441,1.06917,0.8587,0.75,0.945,0.6277,1.06313,1.50992,1.16832,0.0002278,0.0002278,0.0002278
119,428.985,0.99046,1.51349,1.11767,0.8587,0.75,0.945,0.6277,1.06313,1.50992,1.16832,0.0002212,0.0002212,0.0002212
120,433.13,0.95404,2.03092,1.3456,0.8587,0.75,0.945,0.6277,1.06313,1.50992,1.16832,0.0002146,0.0002146,0.0002146
121,436.904,0.78146,1.37221,1.06398,0.8587,0.75,0.945,0.6277,1.06313,1.50992,1.16832,0.000208,0.000208,0.000208
122,441.224,0.94866,1.41129,1.08356,0.8587,0.75,0.945,0.6277,1.06313,1.50992,1.16832,0.0002014,0.0002014,0.0002014
123,445.313,1.1284,1.75405,1.18782,0.8587,0.75,0.945,0.6277,1.06313,1.50992,1.16832,0.0001948,0.0001948,0.0001948
124,449.231,0.93928,1.50396,0.92368,0.8587,0.75,0.945,0.6277,1.06313,1.50992,1.16832,0.0001882,0.0001882,0.0001882
125,453.341,0.80069,1.66891,1.09532,0.8587,0.75,0.945,0.6277,1.06313,1.50992,1.16832,0.0001816,0.0001816,0.0001816
126,457.312,0.90059,1.43415,1.16131,0.8587,0.75,0.945,0.6277,1.06313,1.50992,1.16832,0.000175,0.000175,0.000175
127,461.843,0.9888,1.5686,1.0994,1,0.99796,0.995,0.71224,1.00465,1.43837,1.11075,0.0001684,0.0001684,0.0001684
128,466.123,1.35699,2.04453,1.21259,1,0.99796,0.995,0.71224,1.00465,1.43837,1.11075,0.0001618,0.0001618,0.0001618
129,470.476,0.78408,1.59864,1.01918,1,0.99796,0.995,0.71224,1.00465,1.43837,1.11075,0.0001552,0.0001552,0.0001552
130,474.836,1.07114,2.02386,0.98203,1,0.99796,0.995,0.71224,1.00465,1.43837,1.11075,0.0001486,0.0001486,0.0001486
131,478.716,0.72325,1.61968,1.10398,1,0.99796,0.995,0.71224,1.00465,1.43837,1.11075,0.000142,0.000142,0.000142
132,482.971,1.06161,1.46083,1.05724,1,0.99796,0.995,0.71224,1.00465,1.43837,1.11075,0.0001354,0.0001354,0.0001354
133,487.073,0.62146,1.61539,1.07972,1,0.99796,0.995,0.71224,1.00465,1.43837,1.11075,0.0001288,0.0001288,0.0001288
134,490.814,0.96966,1.99849,0.90431,1,0.99796,0.995,0.71224,1.00465,1.43837,1.11075,0.0001222,0.0001222,0.0001222
135,495.901,0.83741,1.55855,1.11236,1,0.99796,0.995,0.71224,1.00465,1.43837,1.11075,0.0001156,0.0001156,0.0001156
136,499.585,1.4986,1.8088,1.37036,1,0.99796,0.995,0.71224,1.00465,1.43837,1.11075,0.000109,0.000109,0.000109
137,503.943,0.90267,1.40076,1.09643,1,0.99796,0.995,0.71224,1.00465,1.43837,1.11075,0.0001024,0.0001024,0.0001024
138,507.92,0.62953,1.8356,0.76492,1,0.99796,0.995,0.71224,1.00465,1.43837,1.11075,9.58e-05,9.58e-05,9.58e-05
139,511.739,0.9706,1.57287,1.13,1,0.99796,0.995,0.71224,1.00465,1.43837,1.11075,8.92e-05,8.92e-05,8.92e-05
140,515.885,1.03833,1.4645,1.31807,1,0.99796,0.995,0.71224,1.00465,1.43837,1.11075,8.26e-05,8.26e-05,8.26e-05
141,520.179,0.73574,1.58869,1.13957,1,0.99796,0.995,0.71224,1.00465,1.43837,1.11075,7.6e-05,7.6e-05,7.6e-05
142,524.683,1.58219,1.82906,1.27802,1,0.99796,0.995,0.71224,1.00465,1.43837,1.11075,6.94e-05,6.94e-05,6.94e-05
143,529.174,1.03969,1.77922,0.93116,0.93875,1,0.995,0.68104,0.80615,1.37529,1.03871,6.28e-05,6.28e-05,6.28e-05
144,533.133,0.81061,1.66304,1.18525,0.93875,1,0.995,0.68104,0.80615,1.37529,1.03871,5.62e-05,5.62e-05,5.62e-05
145,537.344,0.77124,1.75405,1.1084,0.93875,1,0.995,0.68104,0.80615,1.37529,1.03871,4.96e-05,4.96e-05,4.96e-05
146,541.186,0.93308,1.84425,1.10901,0.93875,1,0.995,0.68104,0.80615,1.37529,1.03871,4.3e-05,4.3e-05,4.3e-05
147,545.284,0.81754,1.79677,1.15018,0.93875,1,0.995,0.68104,0.80615,1.37529,1.03871,3.64e-05,3.64e-05,3.64e-05
148,548.827,0.77132,1.36629,1.03399,0.93875,1,0.995,0.68104,0.80615,1.37529,1.03871,2.98e-05,2.98e-05,2.98e-05
149,552.784,1.13413,1.79604,1.16307,0.93875,1,0.995,0.68104,0.80615,1.37529,1.03871,2.32e-05,2.32e-05,2.32e-05
150,557.043,0.90131,1.52787,1.14479,0.93875,1,0.995,0.68104,0.80615,1.37529,1.03871,1.66e-05,1.66e-05,1.66e-05
